current_date,sale_id,product_id,product_name,product_price
2025-06-08,0,P005,Mobile Phone Case,15
2025-06-08,1,P001,Wireless Headphones,100
2025-06-08,2,P001,Wireless Headphones,100
2025-06-08,3,P006,Wireless Mouse,30
2025-06-08,4,P006,Wireless Mouse,30
2025-06-08,5,P003,Bluetooth Speaker,50
2025-06-08,6,P004,USB Flash Drive,20
2025-06-08,7,P007,Laptop Stand,40
2025-06-08,8,P005,Mobile Phone Case,15
2025-06-08,9,P006,Wireless Mouse,30
2025-06-08,10,P004,USB Flash Drive,20
2025-06-08,11,P006,Wireless Mouse,30
2025-06-08,12,P007,Laptop Stand,40
2025-06-08,13,P004,USB Flash Drive,20
2025-06-08,14,P005,Mobile Phone Case,15
2025-06-08,15,P010,External Hard Drive,100
2025-06-08,16,P010,External Hard Drive,100
2025-06-08,17,P004,USB Flash Drive,20
2025-06-08,18,P009,Smartphone,600
2025-06-08,19,P001,Wireless Headphones,100
2025-06-08,20,P008,HDMI Cable,15
2025-06-08,21,P007,Laptop Stand,40
2025-06-08,22,P007,Laptop Stand,40
2025-06-08,23,P003,Bluetooth Speaker,50
2025-06-08,24,P007,Laptop Stand,40
2025-06-08,25,P003,Bluetooth Speaker,50
2025-06-08,26,P002,Laptop Backpack,60
2025-06-08,27,P001,Wireless Headphones,100
2025-06-08,28,P004,USB Flash Drive,20
2025-06-08,29,P006,Wireless Mouse,30
2025-06-08,30,P002,Laptop Backpack,60
2025-06-08,31,P003,Bluetooth Speaker,50
2025-06-08,32,P008,HDMI Cable,15
2025-06-08,33,P004,USB Flash Drive,20
2025-06-08,34,P009,Smartphone,600
2025-06-08,35,P001,Wireless Headphones,100
2025-06-08,36,P003,Bluetooth Speaker,50
2025-06-08,37,P006,Wireless Mouse,30
2025-06-08,38,P008,HDMI Cable,15
2025-06-08,39,P004,USB Flash Drive,20
2025-06-08,40,P009,Smartphone,600
2025-06-08,41,P008,HDMI Cable,15
2025-06-08,42,P006,Wireless Mouse,30
2025-06-08,43,P005,Mobile Phone Case,15
2025-06-08,44,P005,Mobile Phone Case,15
2025-06-08,45,P001,Wireless Headphones,100
2025-06-08,46,P002,Laptop Backpack,60
2025-06-08,47,P005,Mobile Phone Case,15
2025-06-08,48,P002,Laptop Backpack,60
2025-06-08,49,P009,Smartphone,600
2025-06-08,50,P002,Laptop Backpack,60
2025-06-08,51,P001,Wireless Headphones,100
2025-06-08,52,P006,Wireless Mouse,30
2025-06-08,53,P008,HDMI Cable,15
2025-06-08,54,P006,Wireless Mouse,30
2025-06-08,55,P010,External Hard Drive,100
2025-06-08,56,P002,Laptop Backpack,60
2025-06-08,57,P008,HDMI Cable,15
2025-06-08,58,P002,Laptop Backpack,60
2025-06-08,59,P001,Wireless Headphones,100
2025-06-08,60,P008,HDMI Cable,15
2025-06-08,61,P008,HDMI Cable,15
2025-06-08,62,P006,Wireless Mouse,30
2025-06-08,63,P006,Wireless Mouse,30
2025-06-08,64,P002,Laptop Backpack,60
2025-06-08,65,P004,USB Flash Drive,20
2025-06-08,66,P005,Mobile Phone Case,15
2025-06-08,67,P001,Wireless Headphones,100
2025-06-08,68,P010,External Hard Drive,100
2025-06-08,69,P001,Wireless Headphones,100
2025-06-08,70,P003,Bluetooth Speaker,50
2025-06-08,71,P001,Wireless Headphones,100
2025-06-08,72,P003,Bluetooth Speaker,50
2025-06-08,73,P010,External Hard Drive,100
2025-06-08,74,P008,HDMI Cable,15
2025-06-08,75,P004,USB Flash Drive,20
2025-06-08,76,P006,Wireless Mouse,30
2025-06-08,77,P005,Mobile Phone Case,15
2025-06-08,78,P001,Wireless Headphones,100
2025-06-08,79,P009,Smartphone,600
2025-06-08,80,P009,Smartphone,600
2025-06-08,81,P010,External Hard Drive,100
2025-06-08,82,P008,HDMI Cable,15
2025-06-08,83,P006,Wireless Mouse,30
2025-06-08,84,P004,USB Flash Drive,20
2025-06-08,85,P002,Laptop Backpack,60
2025-06-08,86,P001,Wireless Headphones,100
2025-06-08,87,P003,Bluetooth Speaker,50
2025-06-08,88,P003,Bluetooth Speaker,50
2025-06-08,89,P001,Wireless Headphones,100
2025-06-08,90,P004,USB Flash Drive,20
2025-06-08,91,P005,Mobile Phone Case,15
2025-06-08,92,P010,External Hard Drive,100
2025-06-08,93,P001,Wireless Headphones,100
2025-06-08,94,P006,Wireless Mouse,30
2025-06-08,95,P006,Wireless Mouse,30
2025-06-08,96,P002,Laptop Backpack,60
2025-06-08,97,P002,Laptop Backpack,60
2025-06-08,98,P010,External Hard Drive,100
2025-06-08,99,P004,USB Flash Drive,20
2025-06-08,100,P005,Mobile Phone Case,15
2025-06-08,101,P010,External Hard Drive,100
2025-06-08,102,P001,Wireless Headphones,100
2025-06-08,103,P008,HDMI Cable,15
2025-06-08,104,P003,Bluetooth Speaker,50
2025-06-08,105,P008,HDMI Cable,15
2025-06-08,106,P001,Wireless Headphones,100
2025-06-08,107,P001,Wireless Headphones,100
2025-06-08,108,P004,USB Flash Drive,20
2025-06-08,109,P001,Wireless Headphones,100
2025-06-08,110,P003,Bluetooth Speaker,50
2025-06-08,111,P004,USB Flash Drive,20
2025-06-08,112,P004,USB Flash Drive,20
2025-06-08,113,P003,Bluetooth Speaker,50
2025-06-08,114,P003,Bluetooth Speaker,50
2025-06-08,115,P004,USB Flash Drive,20
2025-06-08,116,P008,HDMI Cable,15
2025-06-08,117,P008,HDMI Cable,15
2025-06-08,118,P009,Smartphone,600
2025-06-08,119,P001,Wireless Headphones,100
2025-06-08,120,P006,Wireless Mouse,30
2025-06-08,121,P001,Wireless Headphones,100
2025-06-08,122,P009,Smartphone,600
2025-06-08,123,P008,HDMI Cable,15
2025-06-08,124,P010,External Hard Drive,100
2025-06-08,125,P001,Wireless Headphones,100
2025-06-08,126,P007,Laptop Stand,40
2025-06-08,127,P001,Wireless Headphones,100
2025-06-08,128,P002,Laptop Backpack,60
2025-06-08,129,P009,Smartphone,600
2025-06-08,130,P007,Laptop Stand,40
2025-06-08,131,P003,Bluetooth Speaker,50
2025-06-08,132,P001,Wireless Headphones,100
2025-06-08,133,P005,Mobile Phone Case,15
2025-06-08,134,P006,Wireless Mouse,30
2025-06-08,135,P006,Wireless Mouse,30
2025-06-08,136,P003,Bluetooth Speaker,50
2025-06-08,137,P006,Wireless Mouse,30
2025-06-08,138,P002,Laptop Backpack,60
2025-06-08,139,P001,Wireless Headphones,100
2025-06-08,140,P010,External Hard Drive,100
2025-06-08,141,P010,External Hard Drive,100
2025-06-08,142,P003,Bluetooth Speaker,50
2025-06-08,143,P003,Bluetooth Speaker,50
2025-06-08,144,P010,External Hard Drive,100
2025-06-08,145,P001,Wireless Headphones,100
2025-06-08,146,P004,USB Flash Drive,20
2025-06-08,147,P002,Laptop Backpack,60
2025-06-08,148,P008,HDMI Cable,15
2025-06-08,149,P001,Wireless Headphones,100
2025-06-08,150,P001,Wireless Headphones,100
2025-06-08,151,P001,Wireless Headphones,100
2025-06-08,152,P003,Bluetooth Speaker,50
2025-06-08,153,P001,Wireless Headphones,100
2025-06-08,154,P006,Wireless Mouse,30
2025-06-08,155,P010,External Hard Drive,100
2025-06-08,156,P008,HDMI Cable,15
2025-06-08,157,P002,Laptop Backpack,60
2025-06-08,158,P008,HDMI Cable,15
2025-06-08,159,P003,Bluetooth Speaker,50
2025-06-08,160,P008,HDMI Cable,15
2025-06-08,161,P005,Mobile Phone Case,15
2025-06-08,162,P004,USB Flash Drive,20
2025-06-08,163,P003,Bluetooth Speaker,50
2025-06-08,164,P005,Mobile Phone Case,15
2025-06-08,165,P007,Laptop Stand,40
2025-06-08,166,P010,External Hard Drive,100
2025-06-08,167,P004,USB Flash Drive,20
2025-06-08,168,P006,Wireless Mouse,30
2025-06-08,169,P008,HDMI Cable,15
2025-06-08,170,P006,Wireless Mouse,30
2025-06-08,171,P005,Mobile Phone Case,15
2025-06-08,172,P009,Smartphone,600
2025-06-08,173,P007,Laptop Stand,40
2025-06-08,174,P001,Wireless Headphones,100
2025-06-08,175,P008,HDMI Cable,15
2025-06-08,176,P009,Smartphone,600
2025-06-08,177,P001,Wireless Headphones,100
2025-06-08,178,P001,Wireless Headphones,100
2025-06-08,179,P003,Bluetooth Speaker,50
2025-06-08,180,P006,Wireless Mouse,30
2025-06-08,181,P006,Wireless Mouse,30
2025-06-08,182,P001,Wireless Headphones,100
2025-06-08,183,P004,USB Flash Drive,20
2025-06-08,184,P008,HDMI Cable,15
2025-06-08,185,P001,Wireless Headphones,100
2025-06-08,186,P007,Laptop Stand,40
2025-06-08,187,P004,USB Flash Drive,20
2025-06-08,188,P001,Wireless Headphones,100
2025-06-08,189,P001,Wireless Headphones,100
2025-06-08,190,P006,Wireless Mouse,30
2025-06-08,191,P009,Smartphone,600
2025-06-08,192,P004,USB Flash Drive,20
2025-06-08,193,P004,USB Flash Drive,20
2025-06-08,194,P008,HDMI Cable,15
2025-06-08,195,P002,Laptop Backpack,60
2025-06-08,196,P006,Wireless Mouse,30
2025-06-08,197,P008,HDMI Cable,15
2025-06-08,198,P006,Wireless Mouse,30
2025-06-08,199,P003,Bluetooth Speaker,50
2025-06-08,200,P001,Wireless Headphones,100
2025-06-08,201,P004,USB Flash Drive,20
2025-06-08,202,P004,USB Flash Drive,20
2025-06-08,203,P002,Laptop Backpack,60
2025-06-08,204,P006,Wireless Mouse,30
2025-06-08,205,P004,USB Flash Drive,20
2025-06-08,206,P001,Wireless Headphones,100
2025-06-08,207,P005,Mobile Phone Case,15
2025-06-08,208,P002,Laptop Backpack,60
2025-06-08,209,P006,Wireless Mouse,30
2025-06-08,210,P003,Bluetooth Speaker,50
2025-06-08,211,P001,Wireless Headphones,100
2025-06-08,212,P003,Bluetooth Speaker,50
2025-06-08,213,P003,Bluetooth Speaker,50
2025-06-08,214,P009,Smartphone,600
2025-06-08,215,P008,HDMI Cable,15
2025-06-08,216,P010,External Hard Drive,100
2025-06-08,217,P006,Wireless Mouse,30
2025-06-08,218,P005,Mobile Phone Case,15
2025-06-08,219,P010,External Hard Drive,100
2025-06-08,220,P002,Laptop Backpack,60
2025-06-08,221,P005,Mobile Phone Case,15
2025-06-08,222,P010,External Hard Drive,100
2025-06-08,223,P004,USB Flash Drive,20
2025-06-08,224,P002,Laptop Backpack,60
2025-06-08,225,P007,Laptop Stand,40
2025-06-08,226,P010,External Hard Drive,100
2025-06-08,227,P009,Smartphone,600
2025-06-08,228,P009,Smartphone,600
2025-06-08,229,P004,USB Flash Drive,20
2025-06-08,230,P008,HDMI Cable,15
2025-06-08,231,P004,USB Flash Drive,20
2025-06-08,232,P005,Mobile Phone Case,15
2025-06-08,233,P001,Wireless Headphones,100
2025-06-08,234,P007,Laptop Stand,40
2025-06-08,235,P006,Wireless Mouse,30
2025-06-08,236,P001,Wireless Headphones,100
2025-06-08,237,P001,Wireless Headphones,100
2025-06-08,238,P006,Wireless Mouse,30
2025-06-08,239,P003,Bluetooth Speaker,50
2025-06-08,240,P005,Mobile Phone Case,15
2025-06-08,241,P003,Bluetooth Speaker,50
2025-06-08,242,P006,Wireless Mouse,30
2025-06-08,243,P006,Wireless Mouse,30
2025-06-08,244,P003,Bluetooth Speaker,50
2025-06-08,245,P002,Laptop Backpack,60
2025-06-08,246,P006,Wireless Mouse,30
2025-06-08,247,P009,Smartphone,600
2025-06-08,248,P001,Wireless Headphones,100
2025-06-08,249,P004,USB Flash Drive,20
2025-06-08,250,P009,Smartphone,600
2025-06-08,251,P001,Wireless Headphones,100
2025-06-08,252,P008,HDMI Cable,15
2025-06-08,253,P008,HDMI Cable,15
2025-06-08,254,P002,Laptop Backpack,60
2025-06-08,255,P008,HDMI Cable,15
2025-06-08,256,P002,Laptop Backpack,60
2025-06-08,257,P008,HDMI Cable,15
2025-06-08,258,P003,Bluetooth Speaker,50
2025-06-08,259,P007,Laptop Stand,40
2025-06-08,260,P003,Bluetooth Speaker,50
2025-06-08,261,P001,Wireless Headphones,100
2025-06-08,262,P002,Laptop Backpack,60
2025-06-08,263,P008,HDMI Cable,15
2025-06-08,264,P010,External Hard Drive,100
2025-06-08,265,P008,HDMI Cable,15
2025-06-08,266,P003,Bluetooth Speaker,50
2025-06-08,267,P003,Bluetooth Speaker,50
2025-06-08,268,P001,Wireless Headphones,100
2025-06-08,269,P001,Wireless Headphones,100
2025-06-08,270,P001,Wireless Headphones,100
2025-06-08,271,P001,Wireless Headphones,100
2025-06-08,272,P006,Wireless Mouse,30
2025-06-08,273,P001,Wireless Headphones,100
2025-06-08,274,P003,Bluetooth Speaker,50
2025-06-08,275,P010,External Hard Drive,100
2025-06-08,276,P001,Wireless Headphones,100
2025-06-08,277,P004,USB Flash Drive,20
2025-06-08,278,P003,Bluetooth Speaker,50
2025-06-08,279,P004,USB Flash Drive,20
2025-06-08,280,P002,Laptop Backpack,60
2025-06-08,281,P003,Bluetooth Speaker,50
2025-06-08,282,P008,HDMI Cable,15
2025-06-08,283,P001,Wireless Headphones,100
2025-06-08,284,P004,USB Flash Drive,20
2025-06-08,285,P007,Laptop Stand,40
2025-06-08,286,P010,External Hard Drive,100
2025-06-08,287,P007,Laptop Stand,40
2025-06-08,288,P001,Wireless Headphones,100
2025-06-08,289,P001,Wireless Headphones,100
2025-06-08,290,P001,Wireless Headphones,100
2025-06-08,291,P003,Bluetooth Speaker,50
2025-06-08,292,P004,USB Flash Drive,20
2025-06-08,293,P010,External Hard Drive,100
2025-06-08,294,P003,Bluetooth Speaker,50
2025-06-08,295,P001,Wireless Headphones,100
2025-06-08,296,P003,Bluetooth Speaker,50
2025-06-08,297,P003,Bluetooth Speaker,50
2025-06-08,298,P001,Wireless Headphones,100
2025-06-08,299,P008,HDMI Cable,15
2025-06-08,300,P009,Smartphone,600
2025-06-08,301,P006,Wireless Mouse,30
2025-06-08,302,P007,Laptop Stand,40
2025-06-08,303,P008,HDMI Cable,15
2025-06-08,304,P010,External Hard Drive,100
2025-06-08,305,P009,Smartphone,600
2025-06-08,306,P003,Bluetooth Speaker,50
2025-06-08,307,P009,Smartphone,600
2025-06-08,308,P004,USB Flash Drive,20
2025-06-08,309,P006,Wireless Mouse,30
2025-06-08,310,P003,Bluetooth Speaker,50
2025-06-08,311,P007,Laptop Stand,40
2025-06-08,312,P001,Wireless Headphones,100
2025-06-08,313,P003,Bluetooth Speaker,50
2025-06-08,314,P003,Bluetooth Speaker,50
2025-06-08,315,P002,Laptop Backpack,60
2025-06-08,316,P001,Wireless Headphones,100
2025-06-08,317,P008,HDMI Cable,15
2025-06-08,318,P003,Bluetooth Speaker,50
2025-06-08,319,P006,Wireless Mouse,30
2025-06-08,320,P002,Laptop Backpack,60
2025-06-08,321,P003,Bluetooth Speaker,50
2025-06-08,322,P002,Laptop Backpack,60
2025-06-08,323,P001,Wireless Headphones,100
2025-06-08,324,P010,External Hard Drive,100
2025-06-08,325,P003,Bluetooth Speaker,50
2025-06-08,326,P002,Laptop Backpack,60
2025-06-08,327,P008,HDMI Cable,15
2025-06-08,328,P006,Wireless Mouse,30
2025-06-08,329,P004,USB Flash Drive,20
2025-06-08,330,P001,Wireless Headphones,100
2025-06-08,331,P001,Wireless Headphones,100
2025-06-08,332,P008,HDMI Cable,15
2025-06-08,333,P009,Smartphone,600
2025-06-08,334,P006,Wireless Mouse,30
2025-06-08,335,P006,Wireless Mouse,30
2025-06-08,336,P010,External Hard Drive,100
2025-06-08,337,P007,Laptop Stand,40
2025-06-08,338,P004,USB Flash Drive,20
2025-06-08,339,P008,HDMI Cable,15
2025-06-08,340,P010,External Hard Drive,100
2025-06-08,341,P002,Laptop Backpack,60
2025-06-08,342,P010,External Hard Drive,100
2025-06-08,343,P007,Laptop Stand,40
2025-06-08,344,P010,External Hard Drive,100
2025-06-08,345,P003,Bluetooth Speaker,50
2025-06-08,346,P002,Laptop Backpack,60
2025-06-08,347,P005,Mobile Phone Case,15
2025-06-08,348,P010,External Hard Drive,100
2025-06-08,349,P001,Wireless Headphones,100
2025-06-08,350,P006,Wireless Mouse,30
2025-06-08,351,P001,Wireless Headphones,100
2025-06-08,352,P008,HDMI Cable,15
2025-06-08,353,P001,Wireless Headphones,100
2025-06-08,354,P006,Wireless Mouse,30
2025-06-08,355,P008,HDMI Cable,15
2025-06-08,356,P006,Wireless Mouse,30
2025-06-08,357,P002,Laptop Backpack,60
2025-06-08,358,P008,HDMI Cable,15
2025-06-08,359,P002,Laptop Backpack,60
2025-06-08,360,P008,HDMI Cable,15
2025-06-08,361,P006,Wireless Mouse,30
2025-06-08,362,P004,USB Flash Drive,20
2025-06-08,363,P008,HDMI Cable,15
2025-06-08,364,P004,USB Flash Drive,20
2025-06-08,365,P006,Wireless Mouse,30
2025-06-08,366,P001,Wireless Headphones,100
2025-06-08,367,P006,Wireless Mouse,30
2025-06-08,368,P004,USB Flash Drive,20
2025-06-08,369,P001,Wireless Headphones,100
2025-06-08,370,P004,USB Flash Drive,20
2025-06-08,371,P008,HDMI Cable,15
2025-06-08,372,P005,Mobile Phone Case,15
2025-06-08,373,P002,Laptop Backpack,60
2025-06-08,374,P009,Smartphone,600
2025-06-08,375,P010,External Hard Drive,100
2025-06-08,376,P004,USB Flash Drive,20
2025-06-08,377,P004,USB Flash Drive,20
2025-06-08,378,P001,Wireless Headphones,100
2025-06-08,379,P006,Wireless Mouse,30
2025-06-08,380,P005,Mobile Phone Case,15
2025-06-08,381,P001,Wireless Headphones,100
2025-06-08,382,P006,Wireless Mouse,30
2025-06-08,383,P003,Bluetooth Speaker,50
2025-06-08,384,P008,HDMI Cable,15
2025-06-08,385,P001,Wireless Headphones,100
2025-06-08,386,P006,Wireless Mouse,30
2025-06-08,387,P003,Bluetooth Speaker,50
2025-06-08,388,P001,Wireless Headphones,100
2025-06-08,389,P002,Laptop Backpack,60
2025-06-08,390,P007,Laptop Stand,40
2025-06-08,391,P006,Wireless Mouse,30
2025-06-08,392,P009,Smartphone,600
2025-06-08,393,P001,Wireless Headphones,100
2025-06-08,394,P007,Laptop Stand,40
2025-06-08,395,P004,USB Flash Drive,20
2025-06-08,396,P004,USB Flash Drive,20
2025-06-08,397,P001,Wireless Headphones,100
2025-06-08,398,P008,HDMI Cable,15
2025-06-08,399,P006,Wireless Mouse,30
2025-06-08,400,P003,Bluetooth Speaker,50
2025-06-08,401,P004,USB Flash Drive,20
2025-06-08,402,P010,External Hard Drive,100
2025-06-08,403,P002,Laptop Backpack,60
2025-06-08,404,P001,Wireless Headphones,100
2025-06-08,405,P008,HDMI Cable,15
2025-06-08,406,P010,External Hard Drive,100
2025-06-08,407,P004,USB Flash Drive,20
2025-06-08,408,P001,Wireless Headphones,100
2025-06-08,409,P004,USB Flash Drive,20
2025-06-08,410,P006,Wireless Mouse,30
2025-06-08,411,P002,Laptop Backpack,60
2025-06-08,412,P007,Laptop Stand,40
2025-06-08,413,P003,Bluetooth Speaker,50
2025-06-08,414,P003,Bluetooth Speaker,50
2025-06-08,415,P004,USB Flash Drive,20
2025-06-08,416,P004,USB Flash Drive,20
2025-06-08,417,P010,External Hard Drive,100
2025-06-08,418,P010,External Hard Drive,100
2025-06-08,419,P004,USB Flash Drive,20
2025-06-08,420,P001,Wireless Headphones,100
2025-06-08,421,P002,Laptop Backpack,60
2025-06-08,422,P001,Wireless Headphones,100
2025-06-08,423,P010,External Hard Drive,100
2025-06-08,424,P007,Laptop Stand,40
2025-06-08,425,P008,HDMI Cable,15
2025-06-08,426,P006,Wireless Mouse,30
2025-06-08,427,P005,Mobile Phone Case,15
2025-06-08,428,P003,Bluetooth Speaker,50
2025-06-08,429,P001,Wireless Headphones,100
2025-06-08,430,P001,Wireless Headphones,100
2025-06-08,431,P009,Smartphone,600
2025-06-08,432,P005,Mobile Phone Case,15
2025-06-08,433,P006,Wireless Mouse,30
2025-06-08,434,P001,Wireless Headphones,100
2025-06-08,435,P001,Wireless Headphones,100
2025-06-08,436,P001,Wireless Headphones,100
2025-06-08,437,P003,Bluetooth Speaker,50
2025-06-08,438,P001,Wireless Headphones,100
2025-06-08,439,P004,USB Flash Drive,20
2025-06-08,440,P003,Bluetooth Speaker,50
2025-06-08,441,P004,USB Flash Drive,20
2025-06-08,442,P001,Wireless Headphones,100
2025-06-08,443,P002,Laptop Backpack,60
2025-06-08,444,P003,Bluetooth Speaker,50
2025-06-08,445,P006,Wireless Mouse,30
2025-06-08,446,P003,Bluetooth Speaker,50
2025-06-08,447,P001,Wireless Headphones,100
2025-06-08,448,P004,USB Flash Drive,20
2025-06-08,449,P001,Wireless Headphones,100
2025-06-08,450,P006,Wireless Mouse,30
2025-06-08,451,P003,Bluetooth Speaker,50
2025-06-08,452,P003,Bluetooth Speaker,50
2025-06-08,453,P001,Wireless Headphones,100
2025-06-08,454,P001,Wireless Headphones,100
2025-06-08,455,P001,Wireless Headphones,100
2025-06-08,456,P004,USB Flash Drive,20
2025-06-08,457,P008,HDMI Cable,15
2025-06-08,458,P001,Wireless Headphones,100
2025-06-08,459,P003,Bluetooth Speaker,50
2025-06-08,460,P009,Smartphone,600
2025-06-08,461,P006,Wireless Mouse,30
2025-06-08,462,P010,External Hard Drive,100
2025-06-08,463,P010,External Hard Drive,100
2025-06-08,464,P004,USB Flash Drive,20
2025-06-08,465,P006,Wireless Mouse,30
2025-06-08,466,P006,Wireless Mouse,30
2025-06-08,467,P001,Wireless Headphones,100
2025-06-08,468,P004,USB Flash Drive,20
2025-06-08,469,P008,HDMI Cable,15
2025-06-08,470,P001,Wireless Headphones,100
2025-06-08,471,P006,Wireless Mouse,30
2025-06-08,472,P006,Wireless Mouse,30
2025-06-08,473,P008,HDMI Cable,15
2025-06-08,474,P001,Wireless Headphones,100
2025-06-08,475,P001,Wireless Headphones,100
2025-06-08,476,P002,Laptop Backpack,60
2025-06-08,477,P001,Wireless Headphones,100
2025-06-08,478,P001,Wireless Headphones,100
2025-06-08,479,P008,HDMI Cable,15
2025-06-08,480,P010,External Hard Drive,100
2025-06-08,481,P001,Wireless Headphones,100
2025-06-08,482,P008,HDMI Cable,15
2025-06-08,483,P010,External Hard Drive,100
2025-06-08,484,P010,External Hard Drive,100
2025-06-08,485,P005,Mobile Phone Case,15
2025-06-08,486,P008,HDMI Cable,15
2025-06-08,487,P004,USB Flash Drive,20
2025-06-08,488,P003,Bluetooth Speaker,50
2025-06-08,489,P004,USB Flash Drive,20
2025-06-08,490,P005,Mobile Phone Case,15
2025-06-08,491,P004,USB Flash Drive,20
2025-06-08,492,P009,Smartphone,600
2025-06-08,493,P006,Wireless Mouse,30
2025-06-08,494,P007,Laptop Stand,40
2025-06-08,495,P009,Smartphone,600
2025-06-08,496,P004,USB Flash Drive,20
2025-06-08,497,P006,Wireless Mouse,30
2025-06-08,498,P001,Wireless Headphones,100
2025-06-08,499,P001,Wireless Headphones,100
2025-06-08,500,P006,Wireless Mouse,30
2025-06-08,501,P002,Laptop Backpack,60
2025-06-08,502,P004,USB Flash Drive,20
2025-06-08,503,P001,Wireless Headphones,100
2025-06-08,504,P004,USB Flash Drive,20
2025-06-08,505,P010,External Hard Drive,100
2025-06-08,506,P003,Bluetooth Speaker,50
2025-06-08,507,P001,Wireless Headphones,100
2025-06-08,508,P006,Wireless Mouse,30
2025-06-08,509,P004,USB Flash Drive,20
2025-06-08,510,P009,Smartphone,600
2025-06-08,511,P004,USB Flash Drive,20
2025-06-08,512,P006,Wireless Mouse,30
2025-06-08,513,P010,External Hard Drive,100
2025-06-08,514,P001,Wireless Headphones,100
2025-06-08,515,P006,Wireless Mouse,30
2025-06-08,516,P010,External Hard Drive,100
2025-06-08,517,P006,Wireless Mouse,30
2025-06-08,518,P006,Wireless Mouse,30
2025-06-08,519,P001,Wireless Headphones,100
2025-06-08,520,P001,Wireless Headphones,100
2025-06-08,521,P003,Bluetooth Speaker,50
2025-06-08,522,P002,Laptop Backpack,60
2025-06-08,523,P001,Wireless Headphones,100
2025-06-08,524,P003,Bluetooth Speaker,50
2025-06-08,525,P003,Bluetooth Speaker,50
2025-06-08,526,P006,Wireless Mouse,30
2025-06-08,527,P001,Wireless Headphones,100
2025-06-08,528,P006,Wireless Mouse,30
2025-06-08,529,P008,HDMI Cable,15
2025-06-08,530,P010,External Hard Drive,100
2025-06-08,531,P004,USB Flash Drive,20
2025-06-08,532,P003,Bluetooth Speaker,50
2025-06-08,533,P001,Wireless Headphones,100
2025-06-08,534,P008,HDMI Cable,15
2025-06-08,535,P004,USB Flash Drive,20
2025-06-08,536,P006,Wireless Mouse,30
2025-06-08,537,P001,Wireless Headphones,100
2025-06-08,538,P003,Bluetooth Speaker,50
2025-06-08,539,P002,Laptop Backpack,60
2025-06-08,540,P001,Wireless Headphones,100
2025-06-08,541,P010,External Hard Drive,100
2025-06-08,542,P002,Laptop Backpack,60
2025-06-08,543,P006,Wireless Mouse,30
2025-06-08,544,P002,Laptop Backpack,60
2025-06-08,545,P008,HDMI Cable,15
2025-06-08,546,P002,Laptop Backpack,60
2025-06-08,547,P001,Wireless Headphones,100
2025-06-08,548,P003,Bluetooth Speaker,50
2025-06-08,549,P005,Mobile Phone Case,15
2025-06-08,550,P002,Laptop Backpack,60
2025-06-08,551,P002,Laptop Backpack,60
2025-06-08,552,P006,Wireless Mouse,30
2025-06-08,553,P007,Laptop Stand,40
2025-06-08,554,P001,Wireless Headphones,100
2025-06-08,555,P004,USB Flash Drive,20
2025-06-08,556,P010,External Hard Drive,100
2025-06-08,557,P006,Wireless Mouse,30
2025-06-08,558,P005,Mobile Phone Case,15
2025-06-08,559,P002,Laptop Backpack,60
2025-06-08,560,P004,USB Flash Drive,20
2025-06-08,561,P007,Laptop Stand,40
2025-06-08,562,P006,Wireless Mouse,30
2025-06-08,563,P001,Wireless Headphones,100
2025-06-08,564,P010,External Hard Drive,100
2025-06-08,565,P001,Wireless Headphones,100
2025-06-08,566,P002,Laptop Backpack,60
2025-06-08,567,P008,HDMI Cable,15
2025-06-08,568,P006,Wireless Mouse,30
2025-06-08,569,P001,Wireless Headphones,100
2025-06-08,570,P006,Wireless Mouse,30
2025-06-08,571,P004,USB Flash Drive,20
2025-06-08,572,P010,External Hard Drive,100
2025-06-08,573,P010,External Hard Drive,100
2025-06-08,574,P008,HDMI Cable,15
2025-06-08,575,P008,HDMI Cable,15
2025-06-08,576,P007,Laptop Stand,40
2025-06-08,577,P004,USB Flash Drive,20
2025-06-08,578,P007,Laptop Stand,40
2025-06-08,579,P001,Wireless Headphones,100
2025-06-08,580,P006,Wireless Mouse,30
2025-06-08,581,P004,USB Flash Drive,20
2025-06-08,582,P010,External Hard Drive,100
2025-06-08,583,P010,External Hard Drive,100
2025-06-08,584,P007,Laptop Stand,40
2025-06-08,585,P001,Wireless Headphones,100
2025-06-08,586,P007,Laptop Stand,40
2025-06-08,587,P004,USB Flash Drive,20
2025-06-08,588,P006,Wireless Mouse,30
2025-06-08,589,P006,Wireless Mouse,30
2025-06-08,590,P003,Bluetooth Speaker,50
2025-06-08,591,P006,Wireless Mouse,30
2025-06-08,592,P001,Wireless Headphones,100
2025-06-08,593,P001,Wireless Headphones,100
2025-06-08,594,P006,Wireless Mouse,30
2025-06-08,595,P010,External Hard Drive,100
2025-06-08,596,P006,Wireless Mouse,30
2025-06-08,597,P008,HDMI Cable,15
2025-06-08,598,P008,HDMI Cable,15
2025-06-08,599,P006,Wireless Mouse,30
2025-06-08,600,P005,Mobile Phone Case,15
2025-06-08,601,P002,Laptop Backpack,60
2025-06-08,602,P004,USB Flash Drive,20
2025-06-08,603,P009,Smartphone,600
2025-06-08,604,P010,External Hard Drive,100
2025-06-08,605,P010,External Hard Drive,100
2025-06-08,606,P002,Laptop Backpack,60
2025-06-08,607,P001,Wireless Headphones,100
2025-06-08,608,P001,Wireless Headphones,100
2025-06-08,609,P006,Wireless Mouse,30
2025-06-08,610,P001,Wireless Headphones,100
2025-06-08,611,P007,Laptop Stand,40
2025-06-08,612,P003,Bluetooth Speaker,50
2025-06-08,613,P001,Wireless Headphones,100
2025-06-08,614,P010,External Hard Drive,100
2025-06-08,615,P010,External Hard Drive,100
2025-06-08,616,P001,Wireless Headphones,100
2025-06-08,617,P004,USB Flash Drive,20
2025-06-08,618,P006,Wireless Mouse,30
2025-06-08,619,P008,HDMI Cable,15
2025-06-08,620,P001,Wireless Headphones,100
2025-06-08,621,P010,External Hard Drive,100
2025-06-08,622,P009,Smartphone,600
2025-06-08,623,P004,USB Flash Drive,20
2025-06-08,624,P003,Bluetooth Speaker,50
2025-06-08,625,P002,Laptop Backpack,60
2025-06-08,626,P003,Bluetooth Speaker,50
2025-06-08,627,P010,External Hard Drive,100
2025-06-08,628,P004,USB Flash Drive,20
2025-06-08,629,P002,Laptop Backpack,60
2025-06-08,630,P003,Bluetooth Speaker,50
2025-06-08,631,P009,Smartphone,600
2025-06-08,632,P010,External Hard Drive,100
2025-06-08,633,P006,Wireless Mouse,30
2025-06-08,634,P008,HDMI Cable,15
2025-06-08,635,P003,Bluetooth Speaker,50
2025-06-08,636,P002,Laptop Backpack,60
2025-06-08,637,P004,USB Flash Drive,20
2025-06-08,638,P002,Laptop Backpack,60
2025-06-08,639,P001,Wireless Headphones,100
2025-06-08,640,P007,Laptop Stand,40
2025-06-08,641,P006,Wireless Mouse,30
2025-06-08,642,P002,Laptop Backpack,60
2025-06-08,643,P008,HDMI Cable,15
2025-06-08,644,P008,HDMI Cable,15
2025-06-08,645,P008,HDMI Cable,15
2025-06-08,646,P008,HDMI Cable,15
2025-06-08,647,P008,HDMI Cable,15
2025-06-08,648,P002,Laptop Backpack,60
2025-06-08,649,P010,External Hard Drive,100
2025-06-08,650,P004,USB Flash Drive,20
2025-06-08,651,P002,Laptop Backpack,60
2025-06-08,652,P010,External Hard Drive,100
2025-06-08,653,P006,Wireless Mouse,30
2025-06-08,654,P001,Wireless Headphones,100
2025-06-08,655,P010,External Hard Drive,100
2025-06-08,656,P009,Smartphone,600
2025-06-08,657,P001,Wireless Headphones,100
2025-06-08,658,P010,External Hard Drive,100
2025-06-08,659,P004,USB Flash Drive,20
2025-06-08,660,P006,Wireless Mouse,30
2025-06-08,661,P004,USB Flash Drive,20
2025-06-08,662,P004,USB Flash Drive,20
2025-06-08,663,P001,Wireless Headphones,100
2025-06-08,664,P004,USB Flash Drive,20
2025-06-08,665,P004,USB Flash Drive,20
2025-06-08,666,P004,USB Flash Drive,20
2025-06-08,667,P004,USB Flash Drive,20
2025-06-08,668,P005,Mobile Phone Case,15
2025-06-08,669,P003,Bluetooth Speaker,50
2025-06-08,670,P007,Laptop Stand,40
2025-06-08,671,P001,Wireless Headphones,100
2025-06-08,672,P004,USB Flash Drive,20
2025-06-08,673,P006,Wireless Mouse,30
2025-06-08,674,P010,External Hard Drive,100
2025-06-08,675,P003,Bluetooth Speaker,50
2025-06-08,676,P001,Wireless Headphones,100
2025-06-08,677,P008,HDMI Cable,15
2025-06-08,678,P008,HDMI Cable,15
2025-06-08,679,P001,Wireless Headphones,100
2025-06-08,680,P008,HDMI Cable,15
2025-06-08,681,P007,Laptop Stand,40
2025-06-08,682,P002,Laptop Backpack,60
2025-06-08,683,P010,External Hard Drive,100
2025-06-08,684,P001,Wireless Headphones,100
2025-06-08,685,P006,Wireless Mouse,30
2025-06-08,686,P010,External Hard Drive,100
2025-06-08,687,P005,Mobile Phone Case,15
2025-06-08,688,P004,USB Flash Drive,20
2025-06-08,689,P002,Laptop Backpack,60
2025-06-08,690,P004,USB Flash Drive,20
2025-06-08,691,P002,Laptop Backpack,60
2025-06-08,692,P002,Laptop Backpack,60
2025-06-08,693,P010,External Hard Drive,100
2025-06-08,694,P007,Laptop Stand,40
2025-06-08,695,P008,HDMI Cable,15
2025-06-08,696,P001,Wireless Headphones,100
2025-06-08,697,P009,Smartphone,600
2025-06-08,698,P001,Wireless Headphones,100
2025-06-08,699,P008,HDMI Cable,15
2025-06-08,700,P006,Wireless Mouse,30
2025-06-08,701,P004,USB Flash Drive,20
2025-06-08,702,P001,Wireless Headphones,100
2025-06-08,703,P001,Wireless Headphones,100
2025-06-08,704,P006,Wireless Mouse,30
2025-06-08,705,P001,Wireless Headphones,100
2025-06-08,706,P006,Wireless Mouse,30
2025-06-08,707,P004,USB Flash Drive,20
2025-06-08,708,P009,Smartphone,600
2025-06-08,709,P004,USB Flash Drive,20
2025-06-08,710,P001,Wireless Headphones,100
2025-06-08,711,P010,External Hard Drive,100
2025-06-08,712,P006,Wireless Mouse,30
2025-06-08,713,P010,External Hard Drive,100
2025-06-08,714,P008,HDMI Cable,15
2025-06-08,715,P004,USB Flash Drive,20
2025-06-08,716,P001,Wireless Headphones,100
2025-06-08,717,P007,Laptop Stand,40
2025-06-08,718,P001,Wireless Headphones,100
2025-06-08,719,P004,USB Flash Drive,20
2025-06-08,720,P009,Smartphone,600
2025-06-08,721,P004,USB Flash Drive,20
2025-06-08,722,P001,Wireless Headphones,100
2025-06-08,723,P008,HDMI Cable,15
2025-06-08,724,P001,Wireless Headphones,100
2025-06-08,725,P008,HDMI Cable,15
2025-06-08,726,P004,USB Flash Drive,20
2025-06-08,727,P010,External Hard Drive,100
2025-06-08,728,P007,Laptop Stand,40
2025-06-08,729,P005,Mobile Phone Case,15
2025-06-08,730,P010,External Hard Drive,100
2025-06-08,731,P006,Wireless Mouse,30
2025-06-08,732,P002,Laptop Backpack,60
2025-06-08,733,P001,Wireless Headphones,100
2025-06-08,734,P004,USB Flash Drive,20
2025-06-08,735,P006,Wireless Mouse,30
2025-06-08,736,P002,Laptop Backpack,60
2025-06-08,737,P010,External Hard Drive,100
2025-06-08,738,P008,HDMI Cable,15
2025-06-08,739,P006,Wireless Mouse,30
2025-06-08,740,P010,External Hard Drive,100
2025-06-08,741,P008,HDMI Cable,15
2025-06-08,742,P006,Wireless Mouse,30
2025-06-08,743,P004,USB Flash Drive,20
2025-06-08,744,P004,USB Flash Drive,20
2025-06-08,745,P006,Wireless Mouse,30
2025-06-08,746,P001,Wireless Headphones,100
2025-06-08,747,P010,External Hard Drive,100
2025-06-08,748,P005,Mobile Phone Case,15
2025-06-08,749,P002,Laptop Backpack,60
2025-06-08,750,P004,USB Flash Drive,20
2025-06-08,751,P004,USB Flash Drive,20
2025-06-08,752,P001,Wireless Headphones,100
2025-06-08,753,P001,Wireless Headphones,100
2025-06-08,754,P003,Bluetooth Speaker,50
2025-06-08,755,P010,External Hard Drive,100
2025-06-08,756,P001,Wireless Headphones,100
2025-06-08,757,P003,Bluetooth Speaker,50
2025-06-08,758,P005,Mobile Phone Case,15
2025-06-08,759,P006,Wireless Mouse,30
2025-06-08,760,P008,HDMI Cable,15
2025-06-08,761,P008,HDMI Cable,15
2025-06-08,762,P002,Laptop Backpack,60
2025-06-08,763,P002,Laptop Backpack,60
2025-06-08,764,P004,USB Flash Drive,20
2025-06-08,765,P008,HDMI Cable,15
2025-06-08,766,P004,USB Flash Drive,20
2025-06-08,767,P003,Bluetooth Speaker,50
2025-06-08,768,P002,Laptop Backpack,60
2025-06-08,769,P005,Mobile Phone Case,15
2025-06-08,770,P001,Wireless Headphones,100
2025-06-08,771,P001,Wireless Headphones,100
2025-06-08,772,P008,HDMI Cable,15
2025-06-08,773,P006,Wireless Mouse,30
2025-06-08,774,P008,HDMI Cable,15
2025-06-08,775,P002,Laptop Backpack,60
2025-06-08,776,P005,Mobile Phone Case,15
2025-06-08,777,P008,HDMI Cable,15
2025-06-08,778,P002,Laptop Backpack,60
2025-06-08,779,P005,Mobile Phone Case,15
2025-06-08,780,P007,Laptop Stand,40
2025-06-08,781,P002,Laptop Backpack,60
2025-06-08,782,P010,External Hard Drive,100
2025-06-08,783,P008,HDMI Cable,15
2025-06-08,784,P008,HDMI Cable,15
2025-06-08,785,P001,Wireless Headphones,100
2025-06-08,786,P006,Wireless Mouse,30
2025-06-08,787,P006,Wireless Mouse,30
2025-06-08,788,P010,External Hard Drive,100
2025-06-08,789,P001,Wireless Headphones,100
2025-06-08,790,P003,Bluetooth Speaker,50
2025-06-08,791,P009,Smartphone,600
2025-06-08,792,P009,Smartphone,600
2025-06-08,793,P009,Smartphone,600
2025-06-08,794,P001,Wireless Headphones,100
2025-06-08,795,P004,USB Flash Drive,20
2025-06-08,796,P008,HDMI Cable,15
2025-06-08,797,P010,External Hard Drive,100
2025-06-08,798,P009,Smartphone,600
2025-06-08,799,P008,HDMI Cable,15
2025-06-08,800,P010,External Hard Drive,100
2025-06-08,801,P004,USB Flash Drive,20
2025-06-08,802,P010,External Hard Drive,100
2025-06-08,803,P002,Laptop Backpack,60
2025-06-08,804,P005,Mobile Phone Case,15
2025-06-08,805,P008,HDMI Cable,15
2025-06-08,806,P009,Smartphone,600
2025-06-08,807,P004,USB Flash Drive,20
2025-06-08,808,P008,HDMI Cable,15
2025-06-08,809,P004,USB Flash Drive,20
2025-06-08,810,P006,Wireless Mouse,30
2025-06-08,811,P002,Laptop Backpack,60
2025-06-08,812,P008,HDMI Cable,15
2025-06-08,813,P001,Wireless Headphones,100
2025-06-08,814,P008,HDMI Cable,15
2025-06-08,815,P007,Laptop Stand,40
2025-06-08,816,P004,USB Flash Drive,20
2025-06-08,817,P008,HDMI Cable,15
2025-06-08,818,P001,Wireless Headphones,100
2025-06-08,819,P006,Wireless Mouse,30
2025-06-08,820,P003,Bluetooth Speaker,50
2025-06-08,821,P004,USB Flash Drive,20
2025-06-08,822,P006,Wireless Mouse,30
2025-06-08,823,P004,USB Flash Drive,20
2025-06-08,824,P008,HDMI Cable,15
2025-06-08,825,P006,Wireless Mouse,30
2025-06-08,826,P006,Wireless Mouse,30
2025-06-08,827,P010,External Hard Drive,100
2025-06-08,828,P004,USB Flash Drive,20
2025-06-08,829,P006,Wireless Mouse,30
2025-06-08,830,P006,Wireless Mouse,30
2025-06-08,831,P006,Wireless Mouse,30
2025-06-08,832,P002,Laptop Backpack,60
2025-06-08,833,P009,Smartphone,600
2025-06-08,834,P001,Wireless Headphones,100
2025-06-08,835,P010,External Hard Drive,100
2025-06-08,836,P005,Mobile Phone Case,15
2025-06-08,837,P010,External Hard Drive,100
2025-06-08,838,P001,Wireless Headphones,100
2025-06-08,839,P001,Wireless Headphones,100
2025-06-08,840,P007,Laptop Stand,40
2025-06-08,841,P001,Wireless Headphones,100
2025-06-08,842,P001,Wireless Headphones,100
2025-06-08,843,P006,Wireless Mouse,30
2025-06-08,844,P010,External Hard Drive,100
2025-06-08,845,P006,Wireless Mouse,30
2025-06-08,846,P006,Wireless Mouse,30
2025-06-08,847,P001,Wireless Headphones,100
2025-06-08,848,P002,Laptop Backpack,60
2025-06-08,849,P006,Wireless Mouse,30
2025-06-08,850,P006,Wireless Mouse,30
2025-06-08,851,P002,Laptop Backpack,60
2025-06-08,852,P010,External Hard Drive,100
2025-06-08,853,P008,HDMI Cable,15
2025-06-08,854,P001,Wireless Headphones,100
2025-06-08,855,P002,Laptop Backpack,60
2025-06-08,856,P010,External Hard Drive,100
2025-06-08,857,P004,USB Flash Drive,20
2025-06-08,858,P005,Mobile Phone Case,15
2025-06-08,859,P001,Wireless Headphones,100
2025-06-08,860,P004,USB Flash Drive,20
2025-06-08,861,P008,HDMI Cable,15
2025-06-08,862,P009,Smartphone,600
2025-06-08,863,P009,Smartphone,600
2025-06-08,864,P004,USB Flash Drive,20
2025-06-08,865,P002,Laptop Backpack,60
2025-06-08,866,P007,Laptop Stand,40
2025-06-08,867,P008,HDMI Cable,15
2025-06-08,868,P010,External Hard Drive,100
2025-06-08,869,P006,Wireless Mouse,30
2025-06-08,870,P010,External Hard Drive,100
2025-06-08,871,P001,Wireless Headphones,100
2025-06-08,872,P001,Wireless Headphones,100
2025-06-08,873,P002,Laptop Backpack,60
2025-06-08,874,P007,Laptop Stand,40
2025-06-08,875,P002,Laptop Backpack,60
2025-06-08,876,P006,Wireless Mouse,30
2025-06-08,877,P006,Wireless Mouse,30
2025-06-08,878,P005,Mobile Phone Case,15
2025-06-08,879,P004,USB Flash Drive,20
2025-06-08,880,P010,External Hard Drive,100
2025-06-08,881,P007,Laptop Stand,40
2025-06-08,882,P005,Mobile Phone Case,15
2025-06-08,883,P002,Laptop Backpack,60
2025-06-08,884,P010,External Hard Drive,100
2025-06-08,885,P004,USB Flash Drive,20
2025-06-08,886,P004,USB Flash Drive,20
2025-06-08,887,P001,Wireless Headphones,100
2025-06-08,888,P005,Mobile Phone Case,15
2025-06-08,889,P004,USB Flash Drive,20
2025-06-08,890,P004,USB Flash Drive,20
2025-06-08,891,P010,External Hard Drive,100
2025-06-08,892,P004,USB Flash Drive,20
2025-06-08,893,P009,Smartphone,600
2025-06-08,894,P005,Mobile Phone Case,15
2025-06-08,895,P009,Smartphone,600
2025-06-08,896,P007,Laptop Stand,40
2025-06-08,897,P005,Mobile Phone Case,15
2025-06-08,898,P004,USB Flash Drive,20
2025-06-08,899,P003,Bluetooth Speaker,50
2025-06-08,900,P001,Wireless Headphones,100
2025-06-08,901,P003,Bluetooth Speaker,50
2025-06-08,902,P001,Wireless Headphones,100
2025-06-08,903,P001,Wireless Headphones,100
2025-06-08,904,P004,USB Flash Drive,20
2025-06-08,905,P006,Wireless Mouse,30
2025-06-08,906,P003,Bluetooth Speaker,50
2025-06-08,907,P002,Laptop Backpack,60
2025-06-08,908,P001,Wireless Headphones,100
2025-06-08,909,P003,Bluetooth Speaker,50
2025-06-08,910,P008,HDMI Cable,15
2025-06-08,911,P010,External Hard Drive,100
2025-06-08,912,P004,USB Flash Drive,20
2025-06-08,913,P008,HDMI Cable,15
2025-06-08,914,P002,Laptop Backpack,60
2025-06-08,915,P006,Wireless Mouse,30
2025-06-08,916,P006,Wireless Mouse,30
2025-06-08,917,P002,Laptop Backpack,60
2025-06-08,918,P010,External Hard Drive,100
2025-06-08,919,P008,HDMI Cable,15
2025-06-08,920,P009,Smartphone,600
2025-06-08,921,P008,HDMI Cable,15
2025-06-08,922,P005,Mobile Phone Case,15
2025-06-08,923,P004,USB Flash Drive,20
2025-06-08,924,P001,Wireless Headphones,100
2025-06-08,925,P002,Laptop Backpack,60
2025-06-08,926,P002,Laptop Backpack,60
2025-06-08,927,P004,USB Flash Drive,20
2025-06-08,928,P004,USB Flash Drive,20
2025-06-08,929,P002,Laptop Backpack,60
2025-06-08,930,P006,Wireless Mouse,30
2025-06-08,931,P004,USB Flash Drive,20
2025-06-08,932,P010,External Hard Drive,100
2025-06-08,933,P006,Wireless Mouse,30
2025-06-08,934,P003,Bluetooth Speaker,50
2025-06-08,935,P001,Wireless Headphones,100
2025-06-08,936,P010,External Hard Drive,100
2025-06-08,937,P009,Smartphone,600
2025-06-08,938,P001,Wireless Headphones,100
2025-06-08,939,P010,External Hard Drive,100
2025-06-08,940,P001,Wireless Headphones,100
2025-06-08,941,P001,Wireless Headphones,100
2025-06-08,942,P001,Wireless Headphones,100
2025-06-08,943,P004,USB Flash Drive,20
2025-06-08,944,P004,USB Flash Drive,20
2025-06-08,945,P010,External Hard Drive,100
2025-06-08,946,P006,Wireless Mouse,30
2025-06-08,947,P004,USB Flash Drive,20
2025-06-08,948,P008,HDMI Cable,15
2025-06-08,949,P003,Bluetooth Speaker,50
2025-06-08,950,P004,USB Flash Drive,20
2025-06-08,951,P008,HDMI Cable,15
2025-06-08,952,P005,Mobile Phone Case,15
2025-06-08,953,P006,Wireless Mouse,30
2025-06-08,954,P001,Wireless Headphones,100
2025-06-08,955,P006,Wireless Mouse,30
2025-06-08,956,P004,USB Flash Drive,20
2025-06-08,957,P002,Laptop Backpack,60
2025-06-08,958,P006,Wireless Mouse,30
2025-06-08,959,P003,Bluetooth Speaker,50
2025-06-08,960,P003,Bluetooth Speaker,50
2025-06-08,961,P005,Mobile Phone Case,15
2025-06-08,962,P009,Smartphone,600
2025-06-08,963,P007,Laptop Stand,40
2025-06-08,964,P004,USB Flash Drive,20
2025-06-08,965,P009,Smartphone,600
2025-06-08,966,P003,Bluetooth Speaker,50
2025-06-08,967,P008,HDMI Cable,15
2025-06-08,968,P004,USB Flash Drive,20
2025-06-08,969,P004,USB Flash Drive,20
2025-06-08,970,P001,Wireless Headphones,100
2025-06-08,971,P003,Bluetooth Speaker,50
2025-06-08,972,P001,Wireless Headphones,100
2025-06-08,973,P002,Laptop Backpack,60
2025-06-08,974,P006,Wireless Mouse,30
2025-06-08,975,P004,USB Flash Drive,20
2025-06-08,976,P003,Bluetooth Speaker,50
2025-06-08,977,P010,External Hard Drive,100
2025-06-08,978,P010,External Hard Drive,100
2025-06-08,979,P004,USB Flash Drive,20
2025-06-08,980,P008,HDMI Cable,15
2025-06-08,981,P002,Laptop Backpack,60
2025-06-08,982,P003,Bluetooth Speaker,50
2025-06-08,983,P010,External Hard Drive,100
2025-06-08,984,P002,Laptop Backpack,60
2025-06-08,985,P002,Laptop Backpack,60
2025-06-08,986,P001,Wireless Headphones,100
2025-06-08,987,P001,Wireless Headphones,100
2025-06-08,988,P006,Wireless Mouse,30
2025-06-08,989,P002,Laptop Backpack,60
2025-06-08,990,P004,USB Flash Drive,20
2025-06-08,991,P006,Wireless Mouse,30
2025-06-08,992,P001,Wireless Headphones,100
2025-06-08,993,P005,Mobile Phone Case,15
2025-06-08,994,P006,Wireless Mouse,30
2025-06-08,995,P006,Wireless Mouse,30
2025-06-08,996,P004,USB Flash Drive,20
2025-06-08,997,P001,Wireless Headphones,100
2025-06-08,998,P006,Wireless Mouse,30
2025-06-08,999,P001,Wireless Headphones,100
